Paralysis ,Voice ,Feeding_Tube ,Vision ,Cognitive ,Perception ,Dressing ,Incontinence ,Emotions ,Sex 
0.09111142712642137,0.12429099585962332,0.005432143148406123,0.1280058294475826,0.010369166482199927,0.0003112356053532542,0.16794626941685756,0.14103319893400634,0.17805616998235224,0.15344356399719727
