Features,Importance
Paralysis ,0.33980965348513525
Voice ,0.003294362444629615
Feeding_Tube ,0.09461771752186969
Vision ,0.21134213384193568
Cognitive ,0.1544616952520056
Perception ,0.00581097633694397
Dressing ,0.04163621600853801
Incontinence ,0.02495929022235986
Emotions ,0.11473952145012124
Sex ,0.009328433436461203
