Features,Importance
Paralysis ,0.10201038404171456
Voice ,0.0837748500649782
Feeding_Tube ,0.10992746651783544
Vision ,0.113741968619843
Cognitive ,0.1007710681028134
Perception ,0.14333367649953385
Dressing ,0.12080827017418888
Incontinence ,0.0957753232015439
Emotions ,0.041027992188083486
Sex ,0.08882900058946536
