Features,Importance
Paralysis ,0.147751225487443
Voice ,0.0998304073132446
Feeding_Tube ,0.051437123623592644
Vision ,0.14268885810490647
Cognitive ,0.009532443041407797
Perception ,0.06319437041879655
Dressing ,0.09284214080948366
Incontinence ,0.23347127185665695
Emotions ,0.030146618129897468
Sex ,0.12910554121457088
