Features,Importance
Paralysis ,0.048827174779840075
Voice ,0.17167225029567454
Feeding_Tube ,0.03259344296033725
Vision ,0.05929795029301543
Cognitive ,0.002028113882793748
Perception ,0.12484645223632371
Dressing ,0.1671820335675764
Incontinence ,0.210076708689531
Emotions ,0.14189572448870816
Sex ,0.041580148806199806
