Features,Importance
Paralysis ,0.273700955668057
Voice ,7.201692809220294e-05
Feeding_Tube ,0.009062772339189847
Vision ,1.0903477108591159e-05
Cognitive ,0.29034726307694503
Perception ,7.19825659004167e-05
Dressing ,0.013726921907172717
Incontinence ,2.466903172576774e-05
Emotions ,0.4129608853290019
Sex ,2.1629676806627902e-05
