Features,Importance
Paralysis ,0.026933214404684158
Voice ,0.07996366538104464
Feeding_Tube ,0.16200720496644172
Vision ,0.08717606287411254
Cognitive ,0.14237554532438984
Perception ,0.20178768853560236
Dressing ,0.09035244860715486
Incontinence ,0.04406656885309554
Emotions ,0.04508632757356114
Sex ,0.12025127347991336
