Features,Importance
Paralysis ,0.11299439153980896
Voice ,0.15857006282090103
Feeding_Tube ,0.1831041591395755
Vision ,0.20279633540434117
Cognitive ,0.005267101255446471
Perception ,0.01058277130323096
Dressing ,0.09472550768189532
Incontinence ,0.008237717432968805
Emotions ,0.1475732876502706
Sex ,0.0761486657715611
