Features,Importance
Paralysis ,0.013488199306511893
Voice ,0.0009972718433388338
Feeding_Tube ,0.028390082385411165
Vision ,0.04009329957276706
Cognitive ,0.09207565013180857
Perception ,0.01805182000879208
Dressing ,0.013648516174999393
Incontinence ,0.5762539912870176
Emotions ,0.17038505995483236
Sex ,0.04661610933452109
