Features,Importance
Paralysis ,0.18080297614512128
Voice ,0.18079767675079395
Feeding_Tube ,0.18557191805353265
Vision ,0.0005637201331374018
Cognitive ,0.0011810132867704909
Perception ,0.2277619923115494
Dressing ,0.22101285467194756
Incontinence ,0.0006907669155745043
Emotions ,0.0010676082232993493
Sex ,0.0005494735082734354
