Features,Importance
Paralysis ,0.37983608238959543
Voice ,0.008365458657214423
Feeding_Tube ,0.07706730389609971
Vision ,0.13424624824630738
Cognitive ,0.10069155633673861
Perception ,0.0327610022707986
Dressing ,0.07169141564077669
Incontinence ,0.013370259177867173
Emotions ,0.16824209889802139
Sex ,0.013728574486580762
