Features,Importance
Paralysis ,0.1134889676004884
Voice ,0.07526145692473704
Feeding_Tube ,0.07035268513964862
Vision ,0.191918147269905
Cognitive ,0.10690118044080857
Perception ,0.031355034924780874
Dressing ,0.20394431641618793
Incontinence ,0.08237265323452325
Emotions ,0.03072560348287271
Sex ,0.09367995456604768
