Features,Importance
Paralysis ,0.07562795662969453
Voice ,0.1470136445579916
Feeding_Tube ,0.07812889040669305
Vision ,0.1053062092568057
Cognitive ,0.10541575694331876
Perception ,0.08674793679013933
Dressing ,0.08378470726111024
Incontinence ,0.0943314561890029
Emotions ,0.09509708273676236
Sex ,0.12854635922848154
