Features,Importance
Paralysis ,0.08742634317823729
Voice ,0.09451385594679583
Feeding_Tube ,0.07979211590360626
Vision ,0.1255011633690984
Cognitive ,0.04098529372751609
Perception ,0.155419107031836
Dressing ,0.12852573642484202
Incontinence ,0.11893665483235898
Emotions ,0.07214788809979043
Sex ,0.09675184148591864
