Features,Importance
Paralysis ,0.09007005756019341
Voice ,0.06579377842779419
Feeding_Tube ,0.44985826472559387
Vision ,0.005391635179553974
Cognitive ,0.03592247548916052
Perception ,0.215997678764262
Dressing ,0.005797429641713117
Incontinence ,0.005984802467913487
Emotions ,0.03367740795178181
Sex ,0.09150646979203375
