Features,Importance
Paralysis ,0.05645594876815281
Voice ,0.001063447449652624
Feeding_Tube ,0.014112958428030644
Vision ,0.0020367596834473044
Cognitive ,0.023543172849058214
Perception ,0.007140651366312789
Dressing ,0.016711297540891297
Incontinence ,0.5329802260736141
Emotions ,0.24206488342660554
Sex ,0.10389065441423491
