Features,Importance
Paralysis ,0.2312648129927137
Voice ,0.0005589135923646904
Feeding_Tube ,0.01738731408211706
Vision ,0.22852641958011088
Cognitive ,0.006649517554360488
Perception ,0.35789710091476534
Dressing ,0.002728142235974035
Incontinence ,0.15073830960787554
Emotions ,0.0008366314125691342
Sex ,0.003412838027149232
