Features,Importance
Paralysis ,0.0024530405673936274
Voice ,0.005603369349107249
Feeding_Tube ,0.09558807858117452
Vision ,0.05424276883043645
Cognitive ,0.006535735858473612
Perception ,0.1264063856335267
Dressing ,0.015023918425578497
Incontinence ,0.002397361018211111
Emotions ,0.14636601595197274
Sex ,0.5453833257841255
