Features,Importance
Paralysis ,0.1516139767509799
Voice ,0.07678664139267652
Feeding_Tube ,0.07847533975240456
Vision ,0.05923428294370304
Cognitive ,0.11585933845974436
Perception ,0.12781515600233442
Dressing ,0.10695782108376423
Incontinence ,0.08237407941802537
Emotions ,0.12756969156622394
Sex ,0.07331367263014366
