Features,Importance
Paralysis ,0.05198569749865875
Voice ,0.05804273786770525
Feeding_Tube ,0.05399528334459204
Vision ,0.018268270511642544
Cognitive ,0.5184625395221519
Perception ,0.002322942472574862
Dressing ,0.08654948038352712
Incontinence ,0.019773155239120953
Emotions ,0.08507166107517564
Sex ,0.10552823208485101
