Features,Importance
Paralysis ,0.028433403749831526
Voice ,0.03408906021273854
Feeding_Tube ,0.06346406655035426
Vision ,0.10927865512937124
Cognitive ,0.10787814465988947
Perception ,0.08423522140166587
Dressing ,0.1327663161223461
Incontinence ,0.10915953736447817
Emotions ,0.241051538060431
Sex ,0.08964405674889386
