Features,Importance
Paralysis ,0.14704277655575937
Voice ,0.06759779066265663
Feeding_Tube ,0.05678131274961593
Vision ,0.05640349137465134
Cognitive ,0.11708227663761782
Perception ,0.14028261636052952
Dressing ,0.12858164700491562
Incontinence ,0.07928236134595462
Emotions ,0.12048575114655018
Sex ,0.086459976161749
