Features,Importance
Paralysis ,0.16084683096428504
Voice ,0.0696126053834358
Feeding_Tube ,0.07369081385774838
Vision ,0.07762118319016718
Cognitive ,0.12561997743425019
Perception ,0.10931613566815168
Dressing ,0.09678592292887898
Incontinence ,0.07683499062010854
Emotions ,0.1377828598976887
Sex ,0.07188868005528568
