Features,Importance
Paralysis ,0.029548656628542735
Voice ,0.022562724329758484
Feeding_Tube ,0.10969016283683432
Vision ,0.10647692897502498
Cognitive ,0.15178118064275406
Perception ,0.12251667712055808
Dressing ,0.13879829894895318
Incontinence ,0.138462420251677
Emotions ,0.102329752624503
Sex ,0.07783319764139436
