Features,Importance
Paralysis ,0.020729498012937726
Voice ,0.08247263787063963
Feeding_Tube ,0.008078060375200442
Vision ,0.05678664936693137
Cognitive ,0.0421843406539174
Perception ,0.14587284413368365
Dressing ,0.009168183055534717
Incontinence ,0.6184761686549445
Emotions ,0.007738306953052112
Sex ,0.008493310923158581
