Features,Importance
Paralysis ,0.36743413667863356
Voice ,0.0034550935713726417
Feeding_Tube ,0.13313999725764422
Vision ,0.22879860678061234
Cognitive ,0.13256789721906012
Perception ,0.0009973864519319837
Dressing ,0.1292772386958434
Incontinence ,0.0003493073299931147
Emotions ,0.0012525318233564042
Sex ,0.0027278041915523897
