Features,Importance
Paralysis ,0.10099941141011158
Voice ,0.013985339051723328
Feeding_Tube ,0.149017543143524
Vision ,0.015499195912330996
Cognitive ,0.1409982468132227
Perception ,0.01894538409564682
Dressing ,0.10306208489764956
Incontinence ,0.09196330175143591
Emotions ,0.22113677957636121
Sex ,0.14439271334799403
