Features,Importance
Paralysis ,0.02834362720043856
Voice ,0.11630419017551791
Feeding_Tube ,0.16629159104538818
Vision ,0.09174450159166964
Cognitive ,0.029701325614105625
Perception ,0.18430247760947902
Dressing ,0.10580687163914285
Incontinence ,0.15187250575973188
Emotions ,0.02597983485951892
Sex ,0.09965307450500727
