Features,Importance
Paralysis ,0.11459778306159848
Voice ,0.08255084110202748
Feeding_Tube ,0.42586408660972
Vision ,0.01288716171463374
Cognitive ,0.0314456213729182
Perception ,0.14406093512447732
Dressing ,0.002326678729858181
Incontinence ,0.008621751794567294
Emotions ,0.01960876093388124
Sex ,0.15803637955631816
