Features,Importance
Paralysis ,0.11912899762656651
Voice ,0.042572899539745974
Feeding_Tube ,0.10873717842950296
Vision ,0.1293418251017313
Cognitive ,0.03234951978960295
Perception ,0.027239543609557285
Dressing ,0.1729258135725713
Incontinence ,0.07946557077093974
Emotions ,0.11302733612838457
Sex ,0.17521131543139734
