Features,Importance
Paralysis ,0.22797760309809958
Voice ,0.0026062853074169906
Feeding_Tube ,0.01770597505900118
Vision ,0.22532759941636973
Cognitive ,0.00710960093074699
Perception ,0.36903202961158993
Dressing ,0.005102918568290944
Incontinence ,0.1402324619874881
Emotions ,0.0008012176267937378
Sex ,0.0041043083942028605
