Features,Importance
Paralysis ,0.011079556338345281
Voice ,0.033285334820581075
Feeding_Tube ,0.005415703619479101
Vision ,0.02152717446895889
Cognitive ,0.004274795498507997
Perception ,0.01378095137654191
Dressing ,0.00786994176384651
Incontinence ,0.8938758896818845
Emotions ,0.004230699480591213
Sex ,0.0046599529512637025
