Features,Importance
Paralysis ,0.3296828960243502
Voice ,0.008279704326498282
Feeding_Tube ,0.029928344080902534
Vision ,0.3432642914463915
Cognitive ,0.009993835471703955
Perception ,0.09135534961532195
Dressing ,0.004699932600994784
Incontinence ,0.16862715953508453
Emotions ,0.002403530361441261
Sex ,0.011764956537310982
