Features,Importance
Paralysis ,0.0015022059120567862
Voice ,0.0034082086524693054
Feeding_Tube ,0.059607717264866016
Vision ,0.03363932899547707
Cognitive ,0.003172003055184855
Perception ,0.16114012767841943
Dressing ,0.012161783846507457
Incontinence ,0.0010732128740878395
Emotions ,0.19056481065157133
Sex ,0.5337306010693599
