Features,Importance
Paralysis ,0.0011290287580083267
Voice ,0.20224604218629524
Feeding_Tube ,0.035309351060659376
Vision ,0.0020773291161160345
Cognitive ,0.03404265086066404
Perception ,0.027551485743369485
Dressing ,0.06278817406509862
Incontinence ,0.04957861724223787
Emotions ,0.0011838987259097024
Sex ,0.5840934222416414
