Features,Importance
Paralysis ,0.005593740247414335
Voice ,0.0048159986730973115
Feeding_Tube ,0.41717766265093703
Vision ,0.004040400754216442
Cognitive ,0.37884175762471556
Perception ,0.0011542035403503492
Dressing ,0.005611212921129664
Incontinence ,0.0008536874566858937
Emotions ,0.019295962070134422
Sex ,0.16261537406131907
