Features,Importance
Paralysis ,0.11471531924719304
Voice ,0.07561051957058317
Feeding_Tube ,0.6785380942657222
Vision ,0.00924105043561794
Cognitive ,0.018497155004125812
Perception ,0.045131722197549316
Dressing ,0.0011877706761404699
Incontinence ,0.008920960542635876
Emotions ,0.0237882289003784
Sex ,0.024369179160053843
