Features,Importance
Paralysis ,0.02376842981345542
Voice ,0.30783987722444545
Feeding_Tube ,0.011368164744800303
Vision ,0.25626140256680013
Cognitive ,0.004381916416592579
Perception ,0.08757203933981374
Dressing ,0.1229233804213114
Incontinence ,0.09429329356559142
Emotions ,0.07073049567729174
Sex ,0.020861000229897887
