Features,Importance
Paralysis ,0.024274266579636012
Voice ,0.0956343933402627
Feeding_Tube ,0.006534294137746177
Vision ,0.033185851552104184
Cognitive ,0.024978731363420617
Perception ,0.12306472564539621
Dressing ,0.009467239337897828
Incontinence ,0.6666523145585654
Emotions ,0.008707023638554315
Sex ,0.0075011598464163835
