Features,Importance
Paralysis ,0.007749421918403897
Voice ,0.1375373035345271
Feeding_Tube ,0.11132155559036873
Vision ,0.13626840736221896
Cognitive ,0.19668209773405684
Perception ,0.0032506359505803588
Dressing ,0.07799962442943528
Incontinence ,0.16839674703370192
Emotions ,0.018151444023507348
Sex ,0.14264276242319962
