Features,Importance
Paralysis ,0.005565277333874838
Voice ,0.2304080834795528
Feeding_Tube ,0.089793252156293
Vision ,0.062232694857615026
Cognitive ,0.07785717064283805
Perception ,0.0085245750270773
Dressing ,0.1301583186916116
Incontinence ,0.11282503593117088
Emotions ,0.004363590988684282
Sex ,0.27827200089128235
