Features,Importance
Paralysis ,0.0014074799134728764
Voice ,0.18863722840433927
Feeding_Tube ,0.030176339382441016
Vision ,0.015510309900615344
Cognitive ,0.26438191081615925
Perception ,0.003308392515367848
Dressing ,0.03794627610663571
Incontinence ,0.20131629434664647
Emotions ,0.07681627783829745
Sex ,0.18049949077602484
