Features,Importance
Paralysis ,0.43304867604294817
Voice ,0.0011860312981530733
Feeding_Tube ,0.06497597471849322
Vision ,0.15561817259485974
Cognitive ,0.10911997617703642
Perception ,0.06856259696638467
Dressing ,0.07773970058751296
Incontinence ,0.004326541318803742
Emotions ,0.08211502274647126
Sex ,0.0033073075493365045
