Features,Importance
Paralysis ,0.38627290753177523
Voice ,0.0023969364627097153
Feeding_Tube ,0.039878011050812
Vision ,2.908129674106145e-06
Cognitive ,0.41125397729314545
Perception ,1.4960031980044354e-06
Dressing ,0.03012226480357402
Incontinence ,0.0020929192610476067
Emotions ,0.126963252585606
Sex ,0.0010153268784579034
