Features,Importance
Paralysis ,0.0311581416867702
Voice ,0.11792963644168505
Feeding_Tube ,0.12649370824891207
Vision ,0.12826534685850385
Cognitive ,0.1339462724412806
Perception ,0.12935960840388736
Dressing ,0.1048172880084892
Incontinence ,0.05503550410875762
Emotions ,0.05450671964458888
Sex ,0.11848777415712515
