Features,Importance
Paralysis ,0.006270876568497763
Voice ,0.0014236778021255003
Feeding_Tube ,0.028186471912148726
Vision ,0.08914468347612901
Cognitive ,0.06760166182078224
Perception ,0.018033807540813223
Dressing ,0.009217892499628358
Incontinence ,0.3112663271860001
Emotions ,0.3772879104486454
Sex ,0.09156669074522962
