Features,Importance
Paralysis ,0.03346776288374677
Voice ,0.0067079713899856445
Feeding_Tube ,0.014634938749493866
Vision ,0.0032140722957939975
Cognitive ,0.0058261203884104286
Perception ,0.032934681372197974
Dressing ,0.016573868561456356
Incontinence ,0.8717420529432901
Emotions ,0.007488336883073779
Sex ,0.007410194532551073
