Features,Importance
Paralysis ,0.050000634867393035
Voice ,0.0004851116599437597
Feeding_Tube ,0.0002981633846878615
Vision ,0.03118794143758447
Cognitive ,0.00017184186366437344
Perception ,0.00023685830013247028
Dressing ,0.0215489849570109
Incontinence ,0.3178381640234701
Emotions ,0.29875580456503686
Sex ,0.2794764949410761
