Features,Importance
Paralysis ,0.00811223823581011
Voice ,0.0063830881696894
Feeding_Tube ,0.0039137555359868015
Vision ,0.009920245157713952
Cognitive ,0.005303749367699292
Perception ,0.061186580841929156
Dressing ,0.004682382354829129
Incontinence ,0.8862927287205147
Emotions ,0.005557262573958581
Sex ,0.008647969041869008
