Features,Importance
Paralysis ,0.02639762081790634
Voice ,0.09185782897434945
Feeding_Tube ,0.008017181763986738
Vision ,0.04213184340871717
Cognitive ,0.026570498540764424
Perception ,0.12683105216892138
Dressing ,0.010006640373532277
Incontinence ,0.6499267741821316
Emotions ,0.008794335782216913
Sex ,0.009466223987473777
