Features,Importance
Paralysis ,0.1286257149021206
Voice ,0.09971787194071255
Feeding_Tube ,0.012891020498626197
Vision ,0.0008505108340542414
Cognitive ,0.010978251000123208
Perception ,0.4202284143255162
Dressing ,0.1056076868440299
Incontinence ,0.07134814640890917
Emotions ,0.07450689392886747
Sex ,0.07524548931704043
