Features,Importance
Paralysis ,0.00785565207870673
Voice ,0.040213032704200825
Feeding_Tube ,0.13897928566786413
Vision ,0.06571735297062466
Cognitive ,0.016455096719267825
Perception ,0.1165130293833145
Dressing ,0.026468924024504344
Incontinence ,0.0023313009526920937
Emotions ,0.07872175841719237
Sex ,0.5067445670816325
