Features,Importance
Paralysis ,0.024541675421599043
Voice ,0.06514985842294997
Feeding_Tube ,0.12288365525915845
Vision ,0.14164952575631495
Cognitive ,0.132007926371174
Perception ,0.13429579123840354
Dressing ,0.1352316720946009
Incontinence ,0.05886611144568212
Emotions ,0.05711711212948689
Sex ,0.12825667186063017
