Features,Importance
Paralysis ,0.1690289775245872
Voice ,0.34286420164398296
Feeding_Tube ,0.05244453253621021
Vision ,0.1649673097680312
Cognitive ,0.01837636417772431
Perception ,0.019617420498754243
Dressing ,0.0692291994483332
Incontinence ,0.006610008972201229
Emotions ,0.07526578668477352
Sex ,0.08159619874540194
