Features,Importance
Paralysis ,0.0012830528846153682
Voice ,0.0017780403532870511
Feeding_Tube ,0.1936641144820185
Vision ,0.001035856599531503
Cognitive ,0.00019736842105262694
Perception ,0.20961538461538462
Dressing ,0.188468045112782
Incontinence ,0.00019736842105262694
Emotions ,0.25245682565789473
Sex ,0.15130394345238096
