Features,Importance
Paralysis ,0.193957979826546
Voice ,0.23375769352405976
Feeding_Tube ,0.13506777994163144
Vision ,0.25820955101680143
Cognitive ,0.0014969509132175607
Perception ,0.001158577090110221
Dressing ,0.003950051028800385
Incontinence ,0.17069780603213508
Emotions ,0.00026354627872654323
Sex ,0.0014400643479715602
