Features,Importance
Paralysis ,0.14921271712937015
Voice ,0.03998579077515651
Feeding_Tube ,0.05100378216468084
Vision ,0.05229835510688823
Cognitive ,0.14398906457374763
Perception ,0.1253566523322022
Dressing ,0.1435868914692344
Incontinence ,0.08437533239708031
Emotions ,0.12483780645012778
Sex ,0.08535360760151203
