Features,Importance
Paralysis ,0.2791565629708781
Voice ,0.003117669238473684
Feeding_Tube ,0.08363567588392808
Vision ,0.05129836595482772
Cognitive ,0.3569440489673792
Perception ,0.007581291160988822
Dressing ,0.09160625802941463
Incontinence ,0.021923688678309
Emotions ,0.10008963753932602
Sex ,0.004646801576474601
