Features,Importance
Paralysis ,0.007630681796465759
Voice ,0.2031492486967694
Feeding_Tube ,0.011218204837943967
Vision ,0.010443078720102736
Cognitive ,0.06577317861484692
Perception ,0.00873143259793477
Dressing ,0.10622228303350471
Incontinence ,0.28550550319665025
Emotions ,0.04510942569965072
Sex ,0.25621696280613077
