Features,Importance
Paralysis ,0.10753940638142907
Voice ,0.06709760639046772
Feeding_Tube ,0.04090230141377557
Vision ,0.11499744666621212
Cognitive ,0.12012946857391098
Perception ,0.10911611532196505
Dressing ,0.16680816024289527
Incontinence ,0.05790254836712537
Emotions ,0.09495617139297208
Sex ,0.12055077524924673
