Features,Importance
Paralysis ,0.03437800420255334
Voice ,0.1177494563597616
Feeding_Tube ,0.1341656820204699
Vision ,0.11085285211890358
Cognitive ,0.10868706445447884
Perception ,0.13307119839221052
Dressing ,0.10410390084929395
Incontinence ,0.06327779296080913
Emotions ,0.07390908325619351
Sex ,0.1198049653853257
