Features,Importance
Paralysis ,0.0004445634722992046
Voice ,0.0005352278772842677
Feeding_Tube ,0.33366070245643525
Vision ,0.00020995556255346695
Cognitive ,0.0005614860469130696
Perception ,0.02442737255783005
Dressing ,0.0005406006524314459
Incontinence ,0.3137778538387805
Emotions ,0.3079641683937299
Sex ,0.0178780691417428
