Features,Importance
Paralysis ,0.16437582591833277
Voice ,0.05206809380112666
Feeding_Tube ,0.6746584113470324
Vision ,0.019080994925434285
Cognitive ,0.026092738305641763
Perception ,0.020778195553017326
Dressing ,0.003540469177461942
Incontinence ,0.03728811360233885
Emotions ,0.00037511562488797977
Sex ,0.001742041744726053
