Features,Importance
Paralysis ,0.06961844007642386
Voice ,0.34232774483081224
Feeding_Tube ,0.03908071070527666
Vision ,0.3476789875392083
Cognitive ,0.030885324869576188
Perception ,0.04339909853494758
Dressing ,0.0005105670642393822
Incontinence ,0.0007973856209150358
Emotions ,0.03213931647693816
Sex ,0.09356242428166273
