Features,Importance
Paralysis ,0.011118118294320264
Voice ,0.007268414626447314
Feeding_Tube ,0.008036698805309552
Vision ,0.009704178165086839
Cognitive ,0.013024376498414123
Perception ,0.011551807425283195
Dressing ,0.19862987290843143
Incontinence ,0.006679322332804413
Emotions ,0.5147122658721159
Sex ,0.2192749450717871
