Features,Importance
Paralysis ,0.02104891303739771
Voice ,0.09450186014629505
Feeding_Tube ,0.008024149445873263
Vision ,0.03045096591593402
Cognitive ,0.018920684399165676
Perception ,0.13263807532190489
Dressing ,0.00827440828729619
Incontinence ,0.6719519135767371
Emotions ,0.007862668377845087
Sex ,0.006326361491550925
