Features,Importance
Paralysis ,0.03593691792167898
Voice ,0.003888387643941414
Feeding_Tube ,0.08348352639966682
Vision ,0.001483943157800812
Cognitive ,0.020131930380147947
Perception ,0.027482730578256512
Dressing ,0.03753244395741471
Incontinence ,0.6031772160171094
Emotions ,0.18371603016256657
Sex ,0.0031668737814167115
