Features,Importance
Paralysis ,0.0012772830416612143
Voice ,0.0007704270163073606
Feeding_Tube ,0.18816559077594727
Vision ,0.00036078098471986267
Cognitive ,0.001727093919027298
Perception ,0.20445293114143923
Dressing ,0.0013538649755317957
Incontinence ,0.224807559383328
Emotions ,0.2411822131229402
Sex ,0.13590225563909775
