Features,Importance
Paralysis ,0.136003950756202
Voice ,0.08685251205218417
Feeding_Tube ,0.48821668502427396
Vision ,0.00814408771839503
Cognitive ,0.01388755031343776
Perception ,0.1699923278233662
Dressing ,0.0160658844867494
Incontinence ,0.007049752292659971
Emotions ,0.016134724381367146
Sex ,0.057652525151364445
