Features,Importance
Paralysis ,0.020599343195710943
Voice ,0.09727233893785331
Feeding_Tube ,0.007112712258221026
Vision ,0.02608377842099743
Cognitive ,0.01764617417075921
Perception ,0.1225928936339703
Dressing ,0.008526720082526466
Incontinence ,0.685795844251602
Emotions ,0.007215859431051797
Sex ,0.007154335617307603
