Features,Importance
Paralysis ,0.012818892147894919
Voice ,0.07926971747050988
Feeding_Tube ,0.008303010368347036
Vision ,0.03337000345786041
Cognitive ,0.006928708225610789
Perception ,0.04901157936304951
Dressing ,0.01608878342261292
Incontinence ,0.7736846982906118
Emotions ,0.011265383270250375
Sex ,0.00925922398325244
