Features,Importance
Paralysis ,0.010039148346081867
Voice ,0.04124400190889573
Feeding_Tube ,0.009470624085049876
Vision ,0.02735374503832992
Cognitive ,0.004037713419167764
Perception ,0.021353786040038878
Dressing ,0.010908541896005326
Incontinence ,0.864608307148518
Emotions ,0.004270182234337456
Sex ,0.0067139498835751986
