Features,Importance
Paralysis ,0.002177481360034743
Voice ,0.02703781402079445
Feeding_Tube ,0.13247623232235656
Vision ,0.0985532645013796
Cognitive ,0.03272514429944681
Perception ,0.1248072925559425
Dressing ,0.04645682251332051
Incontinence ,0.0026155287526667733
Emotions ,0.12997074957912727
Sex ,0.4031796700949308
