Features,Importance
Paralysis ,0.20600943506729674
Voice ,0.011549550336219568
Feeding_Tube ,0.11127135654017656
Vision ,0.014694088767850551
Cognitive ,0.013906673734482565
Perception ,0.015193151153241777
Dressing ,0.1174176627118661
Incontinence ,0.007554054280939272
Emotions ,0.36495367601847895
Sex ,0.13745035138944792
