Features,Importance
Paralysis ,0.1999505565330283
Voice ,0.17666422548426122
Feeding_Tube ,0.07089194641068874
Vision ,0.12118139884148497
Cognitive ,0.011854002646726506
Perception ,0.10141093215876011
Dressing ,0.08069737267858025
Incontinence ,0.1353263048664499
Emotions ,0.03329881627058793
Sex ,0.06872444410943193
