Features,Importance
Paralysis ,0.15009484332337047
Voice ,0.18800124634873833
Feeding_Tube ,0.006132682420048174
Vision ,0.19554407012110822
Cognitive ,0.012768537832136637
Perception ,0.008177834433619573
Dressing ,0.0070250829406634345
Incontinence ,0.0023991730823138715
Emotions ,0.27952500581895323
Sex ,0.15033152367904823
