Features,Importance
Paralysis ,0.09521371991476522
Voice ,0.08689801876867231
Feeding_Tube ,0.0885042000745776
Vision ,0.14510188100493562
Cognitive ,0.07692015140605418
Perception ,0.03721088406402961
Dressing ,0.2378829345078361
Incontinence ,0.05634333459366574
Emotions ,0.10857054771200413
Sex ,0.06735432795345953
