Features,Importance
Paralysis ,0.44294582539801
Voice ,0.0004193295577745649
Feeding_Tube ,0.04346528035378398
Vision ,0.09092313102896528
Cognitive ,0.07886977806987758
Perception ,0.03947980979451045
Dressing ,0.041759575644425784
Incontinence ,0.08465987359376913
Emotions ,0.06424719485210918
Sex ,0.11323020170677399
