Features,Importance
Paralysis ,0.5744414430117132
Voice ,0.00041939866501270893
Feeding_Tube ,0.039928091123736485
Vision ,0.1673296067115824
Cognitive ,0.13112715395955685
Perception ,0.004406384621481118
Dressing ,0.06093792926072077
Incontinence ,0.006429459069319618
Emotions ,0.007221481792810253
Sex ,0.007759051784066681
