Features,Importance
Paralysis ,0.003413490146363212
Voice ,0.0018733219773367949
Feeding_Tube ,0.28172978725774694
Vision ,0.1899622404849454
Cognitive ,0.001107454695354778
Perception ,0.000505990932642484
Dressing ,0.15940509829934812
Incontinence ,0.16995553141045178
Emotions ,0.19061592480778872
Sex ,0.0014311599880216122
