Features,Importance
Paralysis ,0.16763964159255662
Voice ,0.06477394589336757
Feeding_Tube ,0.6069382092636979
Vision ,0.023627968921925382
Cognitive ,0.030521392983612845
Perception ,0.03556226303722056
Dressing ,0.003536629567785112
Incontinence ,0.06526393430500863
Emotions ,0.00039586192003039124
Sex ,0.0017401525147948702
