Features,Importance
Paralysis ,0.006520261804944757
Voice ,0.006869553785841374
Feeding_Tube ,0.048065551275643575
Vision ,0.06533036064675088
Cognitive ,0.12656810234597035
Perception ,0.006503943123807292
Dressing ,0.02592804079714089
Incontinence ,0.13532088582111793
Emotions ,0.5528082757477686
Sex ,0.026085024651014328
