Features,Importance
Paralysis ,0.02609929550561862
Voice ,0.10850976973739106
Feeding_Tube ,0.1632408633244516
Vision ,0.09420022739964884
Cognitive ,0.09888718243975465
Perception ,0.1674814780779011
Dressing ,0.10445581179194743
Incontinence ,0.04894901757986992
Emotions ,0.10510375984552141
Sex ,0.08307259429789553
