Features,Importance
Paralysis ,0.2296563069998018
Voice ,0.002702093583641213
Feeding_Tube ,0.025542660741182447
Vision ,0.2249157574915071
Cognitive ,0.006355602274929458
Perception ,0.3823541708171199
Dressing ,0.017753395852450834
Incontinence ,0.10080681794065575
Emotions ,0.0008789181917810502
Sex ,0.009034276106930323
