Features,Importance
Paralysis ,0.1607470878136201
Voice ,0.20703427252594786
Feeding_Tube ,0.0
Vision ,0.19290348428453266
Cognitive ,0.0034111347452612686
Perception ,0.22752688172043006
Dressing ,0.001611796703376099
Incontinence ,0.0013024741772058944
Emotions ,0.0014882500867152233
Sex ,0.20397461794291077
