Features,Importance
Paralysis ,0.050643017896831566
Voice ,0.03981463898727822
Feeding_Tube ,0.1811371070937133
Vision ,0.02472800873245384
Cognitive ,0.13289019063385982
Perception ,0.0022979518278954687
Dressing ,0.14502097078465756
Incontinence ,0.1848653299368658
Emotions ,0.06395994573935956
Sex ,0.17464283836708494
