Features,Importance
Paralysis ,0.028709530366461563
Voice ,0.09161392371380882
Feeding_Tube ,0.007950783474532694
Vision ,0.03568654236556465
Cognitive ,0.023274948116293402
Perception ,0.12554525336297093
Dressing ,0.008658950559535734
Incontinence ,0.6608996837047891
Emotions ,0.00929631544478904
Sex ,0.008364068891254184
