Features,Importance
Paralysis ,0.005899771817794394
Voice ,0.004329246067959849
Feeding_Tube ,0.05455114864192495
Vision ,0.050117996527787666
Cognitive ,0.0869095623141809
Perception ,0.00794187013973542
Dressing ,0.015438360839763538
Incontinence ,0.14875456714533256
Emotions ,0.5946456249259578
Sex ,0.031411851579562985
