Features,Importance
Paralysis ,0.0002558267783724361
Voice ,0.0030372151590677765
Feeding_Tube ,0.20807846738513866
Vision ,0.0035470330247571544
Cognitive ,0.002660270507492859
Perception ,0.391371416476894
Dressing ,0.009593119298749635
Incontinence ,0.0002839748107180204
Emotions ,0.031251664199913126
Sex ,0.34992101235889644
