Features,Importance
Paralysis ,0.028219391406528013
Voice ,0.08993846353027819
Feeding_Tube ,0.008190431407153037
Vision ,0.03694136899459645
Cognitive ,0.0226082513467557
Perception ,0.1342417626619151
Dressing ,0.00903337046259278
Incontinence ,0.6551923382743277
Emotions ,0.008295036168168837
Sex ,0.007339585747684253
