Features,Importance
Paralysis ,0.0009999659831578722
Voice ,0.04902423424582265
Feeding_Tube ,0.0723919297621328
Vision ,0.00041844481868177674
Cognitive ,0.0009971584443908051
Perception ,0.023398249468380938
Dressing ,0.5955139341694514
Incontinence ,0.0007100708910613236
Emotions ,0.04445354057767872
Sex ,0.21209247163924172
