Features,Importance
Paralysis ,0.30132116849146307
Voice ,0.033455784863349464
Feeding_Tube ,0.038266614177434766
Vision ,0.14399487149139345
Cognitive ,0.13293609204474066
Perception ,0.11059899500760716
Dressing ,0.0436058153136074
Incontinence ,0.16708725494484372
Emotions ,0.00935079130103287
Sex ,0.019382612364527457
