Features,Importance
Paralysis ,0.09042844142515427
Voice ,0.08177364528301695
Feeding_Tube ,0.07743476553190824
Vision ,0.15130553156896356
Cognitive ,0.048632653525831716
Perception ,0.151064523365615
Dressing ,0.11648712680650644
Incontinence ,0.0894721241790135
Emotions ,0.08638684254050817
Sex ,0.10701434577348215
