Features,Importance
Paralysis ,0.08527454786748492
Voice ,0.06392346240179221
Feeding_Tube ,0.08988223278395348
Vision ,0.1396182963893443
Cognitive ,0.07120279644437015
Perception ,0.1810855835829969
Dressing ,0.1382573428832739
Incontinence ,0.09245428655968516
Emotions ,0.05287169465456455
Sex ,0.08542975643253438
