Features,Importance
Paralysis ,0.036557193041873354
Voice ,0.041697949820418766
Feeding_Tube ,0.04880241919489833
Vision ,0.0501744226604119
Cognitive ,0.07321401972515906
Perception ,0.33511473735080566
Dressing ,0.06278805884263655
Incontinence ,0.059698068786228076
Emotions ,0.005298838675900141
Sex ,0.2866542919016682
