Features,Importance
Paralysis ,0.02054565118458158
Voice ,0.04361942330015333
Feeding_Tube ,0.06319551543622055
Vision ,0.040454302177419105
Cognitive ,0.35077314596148096
Perception ,0.0011688660571274978
Dressing ,0.38863454067123776
Incontinence ,0.051830873981049165
Emotions ,0.0018450037094104917
Sex ,0.03793267752131945
