Features,Importance
Paralysis ,0.01508061517320848
Voice ,0.0012258786296455773
Feeding_Tube ,0.02351697222014613
Vision ,0.054711269679426626
Cognitive ,0.10871848340132105
Perception ,0.017006254712905823
Dressing ,0.01197574169273935
Incontinence ,0.5389641377125534
Emotions ,0.17536286846592622
Sex ,0.053437778312127496
