Features,Importance
Paralysis ,0.15844412802429558
Voice ,0.014958107282002739
Feeding_Tube ,0.17762193636251633
Vision ,0.06310871445754022
Cognitive ,0.037494563275428466
Perception ,0.11106873451778805
Dressing ,0.02875359360608001
Incontinence ,0.04866279404155752
Emotions ,0.1865216827503888
Sex ,0.1733657456824022
