Features,Importance
Paralysis ,0.5487093074409253
Voice ,0.002718897598765041
Feeding_Tube ,0.40766559829059845
Vision ,0.0
Cognitive ,0.0
Perception ,0.006701388888888852
Dressing ,0.0
Incontinence ,0.01306918686578994
Emotions ,0.006429738562091364
Sex ,0.014705882352941122
