Features,Importance
Paralysis ,0.16016493085686678
Voice ,0.13627446358749976
Feeding_Tube ,0.03817052937816038
Vision ,0.0870449569397009
Cognitive ,0.08375331080991204
Perception ,0.0778611261488095
Dressing ,0.058389684581823365
Incontinence ,0.1245823774646114
Emotions ,0.08109985100865344
Sex ,0.15265876922396265
