Features,Importance
Paralysis ,0.039331990683276905
Voice ,0.08437666349402705
Feeding_Tube ,0.05822164020571782
Vision ,0.1810019121754572
Cognitive ,0.059903272678229535
Perception ,0.06797348972742866
Dressing ,0.1403790406417218
Incontinence ,0.08252848448308948
Emotions ,0.11141232319414078
Sex ,0.17487118271691082
