Features,Importance
Paralysis ,0.195347276645768
Voice ,0.22620695659744897
Feeding_Tube ,0.000410505293317789
Vision ,0.0015174789368337638
Cognitive ,0.001306505994005986
Perception ,0.14087854349951126
Dressing ,0.2255557159854035
Incontinence ,0.0021658058183039197
Emotions ,0.0009100190803819768
Sex ,0.20570119214902483
