Features,Importance
Paralysis ,0.2784771530529269
Voice ,0.022936839554045952
Feeding_Tube ,0.03978754089644713
Vision ,0.1415308505284222
Cognitive ,0.11101604873624245
Perception ,0.11009901039189067
Dressing ,0.08495997034842881
Incontinence ,0.17253899983854667
Emotions ,0.024649439110893154
Sex ,0.014004147542156039
