Features,Importance
Paralysis ,0.021378995744246353
Voice ,0.09081312733895344
Feeding_Tube ,0.00794405199546316
Vision ,0.038287132842727854
Cognitive ,0.02005216928776987
Perception ,0.13434629162081152
Dressing ,0.00786307853149585
Incontinence ,0.6643091011761789
Emotions ,0.00846258096478187
Sex ,0.006543470497571241
