Features,Importance
Paralysis ,0.14732079436232146
Voice ,0.08952378348295646
Feeding_Tube ,0.09332794140920174
Vision ,0.12396455720271676
Cognitive ,0.08586896643256244
Perception ,0.12327032794118917
Dressing ,0.11113365956227739
Incontinence ,0.10461495017938859
Emotions ,0.037992866663478654
Sex ,0.08298215276390733
