Features,Importance
Paralysis ,0.22703419241965797
Voice ,0.0031800345495840237
Feeding_Tube ,0.026578250924015796
Vision ,0.22338034522758848
Cognitive ,0.0065525195117528525
Perception ,0.37992575175924237
Dressing ,0.014756545055079052
Incontinence ,0.10494454794326301
Emotions ,0.0011548046763981696
Sex ,0.012493007933418307
