Features,Importance
Paralysis ,0.008712874586162787
Voice ,0.009110676139201005
Feeding_Tube ,0.1521936141493452
Vision ,0.0008755432159687163
Cognitive ,0.04167593749886001
Perception ,0.006823729541782034
Dressing ,0.005646760119934135
Incontinence ,0.5221797658410419
Emotions ,0.2436776295536344
Sex ,0.009103469354069827
