Features,Importance
Paralysis ,0.09476651176280333
Voice ,0.08695943995986974
Feeding_Tube ,0.09086611630166087
Vision ,0.14365731245567315
Cognitive ,0.030445322349806053
Perception ,0.17461324330926142
Dressing ,0.131045589453104
Incontinence ,0.11831205184884092
Emotions ,0.036172168326845756
Sex ,0.09316224423213472
