Features,Importance
Paralysis ,0.028725513056566558
Voice ,0.14223179172596184
Feeding_Tube ,0.008205794498925346
Vision ,0.028370521696532508
Cognitive ,0.006566063258160168
Perception ,0.09203829159942936
Dressing ,0.01256998784087374
Incontinence ,0.6662636987889458
Emotions ,0.00815316670264522
Sex ,0.006875170831959491
