Features,Importance
Paralysis ,0.06732801578738502
Voice ,0.08493466370261246
Feeding_Tube ,0.12975116435269135
Vision ,0.1297153666376763
Cognitive ,0.046962103500997436
Perception ,0.166696514447083
Dressing ,0.12768386039601606
Incontinence ,0.11952665538839534
Emotions ,0.04019096925483685
Sex ,0.08721068653230607
