Features,Importance
Paralysis ,0.1319907600019146
Voice ,0.02824512327550848
Feeding_Tube ,0.17034268208409756
Vision ,0.08596808054838502
Cognitive ,0.07091621642939665
Perception ,0.10601789289727925
Dressing ,0.10297091920699947
Incontinence ,0.12405914486314694
Emotions ,0.10677881628361778
Sex ,0.07271036440965414
