Features,Importance
Paralysis ,0.010688619170760276
Voice ,0.0504254592133764
Feeding_Tube ,0.13182428161861573
Vision ,0.0692874161882111
Cognitive ,0.014658167577514716
Perception ,0.09937956110752445
Dressing ,0.02997766559753447
Incontinence ,0.0033309053768044205
Emotions ,0.07744264632615153
Sex ,0.512985277823507
