Features,Importance
Paralysis ,0.11367224393420229
Voice ,0.11162160690922299
Feeding_Tube ,0.09843371589257263
Vision ,0.09829713464842064
Cognitive ,0.019081149040645735
Perception ,0.19058244184179415
Dressing ,0.10057845128203634
Incontinence ,0.12281083272875348
Emotions ,0.02195270535083468
Sex ,0.12296971837151699
