Features,Importance
Paralysis ,0.1052262883038454
Voice ,0.022601549469408885
Feeding_Tube ,0.034792519852242985
Vision ,0.028805956810283067
Cognitive ,0.15127951485123367
Perception ,0.028554431206672025
Dressing ,0.20275605360582669
Incontinence ,0.005679684102605646
Emotions ,0.26476110057598007
Sex ,0.15554290122190162
