Features,Importance
Paralysis ,0.025987941252191865
Voice ,0.07036689259958757
Feeding_Tube ,0.1346695860635281
Vision ,0.17191272964919022
Cognitive ,0.14998275493818367
Perception ,0.17508013610680148
Dressing ,0.08006001031153094
Incontinence ,0.024851158589334434
Emotions ,0.029399527157327986
Sex ,0.13768926333232362
