Features,Importance
Paralysis ,0.026198188477549792
Voice ,0.12368025415865905
Feeding_Tube ,0.1098504827064941
Vision ,0.07550297445019284
Cognitive ,0.10288853127592472
Perception ,0.15959747207830183
Dressing ,0.0910469886299733
Incontinence ,0.13225579341370491
Emotions ,0.10421682129176206
Sex ,0.07476249351743743
