Features,Importance
Paralysis ,0.09872662329602094
Voice ,0.14267050773711065
Feeding_Tube ,0.0881372774440436
Vision ,0.07001522687595378
Cognitive ,0.08625489018187457
Perception ,0.08966738013245859
Dressing ,0.09288509545284963
Incontinence ,0.10868669313232329
Emotions ,0.10552770456575508
Sex ,0.11742860118160982
