Features,Importance
Paralysis ,0.02533633890168996
Voice ,0.10254931955583971
Feeding_Tube ,0.17553621462193555
Vision ,0.08801048566777112
Cognitive ,0.17835878272297645
Perception ,0.1651729545208652
Dressing ,0.10834694858660412
Incontinence ,0.04394906039384312
Emotions ,0.022526437188001378
Sex ,0.09021345784047324
