Features,Importance
Paralysis ,0.15163541870608027
Voice ,0.16135108674368756
Feeding_Tube ,0.042073180960575975
Vision ,0.11227909262085518
Cognitive ,0.08408170993373416
Perception ,0.08036617094069014
Dressing ,0.07391689492762717
Incontinence ,0.1196006086867465
Emotions ,0.08652600043130385
Sex ,0.08816983604869912
