Features,Importance
Paralysis ,0.06556315885423086
Voice ,0.36840303645914035
Feeding_Tube ,0.046795744003654674
Vision ,0.0027179280230127728
Cognitive ,0.03452647123934484
Perception ,0.04412512686240372
Dressing ,0.33639905628526423
Incontinence ,0.000521367521367523
Emotions ,0.05798345245065392
Sex ,0.042964658300927015
