Features,Importance
Paralysis ,0.029079868720438575
Voice ,0.07207867523400226
Feeding_Tube ,0.14748307907655694
Vision ,0.13366746832319928
Cognitive ,0.1544179929472581
Perception ,0.14545572796738904
Dressing ,0.13439119877481928
Incontinence ,0.027021272468175716
Emotions ,0.03187777065590791
Sex ,0.12452694583225292
