Features,Importance
Paralysis ,0.14663734355282443
Voice ,0.0050910717367006345
Feeding_Tube ,0.20745342886014792
Vision ,0.05950160519628812
Cognitive ,0.0724576966246465
Perception ,0.07737432356082913
Dressing ,0.03859221594957308
Incontinence ,0.17504587210350986
Emotions ,0.0993709884723768
Sex ,0.11847545394310348
