Features,Importance
Paralysis ,0.09043464875981853
Voice ,0.09551475089223765
Feeding_Tube ,0.07168646928577989
Vision ,0.1116714385161871
Cognitive ,0.18354425457337653
Perception ,0.0736113724052414
Dressing ,0.14441590844887392
Incontinence ,0.07983731982426671
Emotions ,0.06694636371809244
Sex ,0.08233747357612566
