Features,Importance
Paralysis ,0.2717406144807003
Voice ,0.0372082514474056
Feeding_Tube ,0.04546322202605253
Vision ,0.20071457341195284
Cognitive ,0.08678391635947745
Perception ,0.10032294310234116
Dressing ,0.0443108053243861
Incontinence ,0.15066256426931565
Emotions ,0.003404495665663551
Sex ,0.059388613912704884
