Features,Importance
Paralysis ,0.04120256160201455
Voice ,0.14760840946112572
Feeding_Tube ,0.09247612079612268
Vision ,0.12369013679016737
Cognitive ,0.08728646640433863
Perception ,0.05435776247266517
Dressing ,0.08402541208441544
Incontinence ,0.11326606906661886
Emotions ,0.1382273046542983
Sex ,0.11785975666823328
