Features,Importance
Paralysis ,0.2082984925864183
Voice ,0.056158203061588335
Feeding_Tube ,0.6352584739581645
Vision ,0.015059912854030503
Cognitive ,0.029210340827077307
Perception ,0.009266425868593057
Dressing ,0.004656416505413484
Incontinence ,0.019330583094591285
Emotions ,0.0061546840958605345
Sex ,0.016606467148262846
