Features,Importance
Paralysis ,0.005012685190261513
Voice ,0.0034200003307451447
Feeding_Tube ,0.032415319902046935
Vision ,0.024401054098996292
Cognitive ,0.04860881979612762
Perception ,0.013734331697742639
Dressing ,0.013102632835859473
Incontinence ,0.17163371496655022
Emotions ,0.673227477312658
Sex ,0.01444396386901219
