Features,Importance
Paralysis ,0.13896780083042987
Voice ,0.12891041269596404
Feeding_Tube ,0.05961225915511828
Vision ,0.14489773058268232
Cognitive ,0.08870234498944123
Perception ,0.1102150770660149
Dressing ,0.08946851677416857
Incontinence ,0.06036613883901248
Emotions ,0.09886936275465832
Sex ,0.07999035631251003
