Features,Importance
Paralysis ,0.05198262771291521
Voice ,0.04568754422931423
Feeding_Tube ,0.21529624816307713
Vision ,0.20148716074201803
Cognitive ,0.0285392841607847
Perception ,0.03398014343206039
Dressing ,0.135864605337655
Incontinence ,0.03483123531646154
Emotions ,0.0827532402925854
Sex ,0.1695779106131285
