Features,Importance
Paralysis ,0.054802342191337595
Voice ,0.00029552028306312255
Feeding_Tube ,0.015339815785581112
Vision ,0.0019537755509204556
Cognitive ,0.014888801016396336
Perception ,0.0004429887168477627
Dressing ,0.0012320751240406228
Incontinence ,0.39971994961225954
Emotions ,0.39886764341863606
Sex ,0.11245708830091734
