Features,Importance
Paralysis ,0.07993847928119548
Voice ,0.0757637298366151
Feeding_Tube ,0.13182315029491778
Vision ,0.10319606868881792
Cognitive ,0.12278125269549733
Perception ,0.06735178138981882
Dressing ,0.07190625392017079
Incontinence ,0.09397344175053356
Emotions ,0.08091109604691335
Sex ,0.1723547460955198
