Features,Importance
Paralysis ,0.013125181161483429
Voice ,0.06567470857731932
Feeding_Tube ,0.00792833299936217
Vision ,0.029636479933933577
Cognitive ,0.0059570069466818275
Perception ,0.03319982980833836
Dressing ,0.01977682397702613
Incontinence ,0.8046353196206968
Emotions ,0.008526454432772815
Sex ,0.011539862542385761
