Features,Importance
Paralysis ,0.0006577754439230261
Voice ,0.00045640280114933937
Feeding_Tube ,0.3150929798727236
Vision ,0.0005745693703372074
Cognitive ,0.00062961407947901
Perception ,0.33411060171499624
Dressing ,0.021376869035278176
Incontinence ,0.0010690210667851634
Emotions ,0.020788592205077686
Sex ,0.3052435744102506
