Features,Importance
Paralysis ,0.13752381800636232
Voice ,0.08513963959921961
Feeding_Tube ,0.4926598471709122
Vision ,0.008754336464867448
Cognitive ,0.013784080843928154
Perception ,0.1609364527842671
Dressing ,0.01770265887535529
Incontinence ,0.007018813316883094
Emotions ,0.016845304771027435
Sex ,0.05963504816717744
