Features,Importance
Paralysis ,0.09114651008445565
Voice ,0.08840530850828378
Feeding_Tube ,0.054960765150657793
Vision ,0.20265408829808013
Cognitive ,0.10752882627942209
Perception ,0.08971378371770487
Dressing ,0.07685797278148479
Incontinence ,0.1488149858382151
Emotions ,0.052843260981257044
Sex ,0.08707449836043875
