Features,Importance
Paralysis ,0.017546557846695437
Voice ,0.10373091133032453
Feeding_Tube ,0.005975720670634473
Vision ,0.020507390961543352
Cognitive ,0.01491329689868388
Perception ,0.12801210428584436
Dressing ,0.00681269032765254
Incontinence ,0.6904458099072639
Emotions ,0.0063291882654351135
Sex ,0.005726329505922346
