Features,Importance
Paralysis ,0.0043257821826609855
Voice ,0.02865737923581595
Feeding_Tube ,0.10799986413141291
Vision ,0.056957505426606284
Cognitive ,0.041097875852924355
Perception ,0.076589556803905
Dressing ,0.2473127350000861
Incontinence ,0.03974317098894118
Emotions ,0.15110187052628724
Sex ,0.24621425985135997
