Features,Importance
Paralysis ,0.0054409408915165325
Voice ,0.006702147354630938
Feeding_Tube ,0.4338334397773486
Vision ,0.0002914957657975863
Cognitive ,0.007228507620802035
Perception ,0.005587740080107544
Dressing ,0.0005291998270369721
Incontinence ,0.3732408923812208
Emotions ,0.1602853675081033
Sex ,0.006860268793435591
