Features,Importance
Paralysis ,0.031179415174945362
Voice ,0.0355338873686577
Feeding_Tube ,0.1368447244263367
Vision ,0.1843904106970387
Cognitive ,0.05765586740483031
Perception ,0.018023025849566648
Dressing ,0.15577377669439743
Incontinence ,0.10846122253199403
Emotions ,0.12408690681176605
Sex ,0.14805076304046713
